-- --------------------------------------------------------
-- Host:                         localhost
-- Versión del servidor:         8.0.41 - MySQL Community Server - GPL
-- SO del servidor:              Win64
-- HeidiSQL Versión:             12.10.0.7000
-- --------------------------------------------------------

/*!40101 SET @OLD_CHARACTER_SET_CLIENT=@@CHARACTER_SET_CLIENT */;
/*!40101 SET NAMES utf8 */;
/*!50503 SET NAMES utf8mb4 */;
/*!40103 SET @OLD_TIME_ZONE=@@TIME_ZONE */;
/*!40103 SET TIME_ZONE='+00:00' */;
/*!40014 SET @OLD_FOREIGN_KEY_CHECKS=@@FOREIGN_KEY_CHECKS, FOREIGN_KEY_CHECKS=0 */;
/*!40101 SET @OLD_SQL_MODE=@@SQL_MODE, SQL_MODE='NO_AUTO_VALUE_ON_ZERO' */;
/*!40111 SET @OLD_SQL_NOTES=@@SQL_NOTES, SQL_NOTES=0 */;


-- Volcando estructura de base de datos para ivtm
CREATE DATABASE IF NOT EXISTS `ivtm` /*!40100 DEFAULT CHARACTER SET utf8mb3 COLLATE utf8mb3_spanish_ci */ /*!80016 DEFAULT ENCRYPTION='N' */;
USE `ivtm`;

-- Volcando estructura para tabla ivtm.contribuyente
CREATE TABLE IF NOT EXISTS `contribuyente` (
  `idContribuyente` int NOT NULL AUTO_INCREMENT,
  `nombre` varchar(50) COLLATE utf8mb3_spanish_ci NOT NULL,
  `apellido1` varchar(50) COLLATE utf8mb3_spanish_ci NOT NULL,
  `apellido2` varchar(50) COLLATE utf8mb3_spanish_ci DEFAULT NULL,
  `nifnie` varchar(50) COLLATE utf8mb3_spanish_ci NOT NULL,
  `direccion` varchar(50) COLLATE utf8mb3_spanish_ci NOT NULL,
  `numero` varchar(50) COLLATE utf8mb3_spanish_ci DEFAULT NULL,
  `paisCCC` varchar(50) COLLATE utf8mb3_spanish_ci DEFAULT NULL,
  `CCC` varchar(50) COLLATE utf8mb3_spanish_ci DEFAULT NULL,
  `IBAN` varchar(50) COLLATE utf8mb3_spanish_ci DEFAULT NULL,
  `email` varchar(50) COLLATE utf8mb3_spanish_ci DEFAULT NULL,
  `bonificacion` double DEFAULT NULL,
  `ayuntamiento` varchar(50) COLLATE utf8mb3_spanish_ci NOT NULL,
  PRIMARY KEY (`idContribuyente`)
) ENGINE=InnoDB AUTO_INCREMENT=67 DEFAULT CHARSET=utf8mb3 COLLATE=utf8mb3_spanish_ci;

-- Volcando datos para la tabla ivtm.contribuyente: ~66 rows (aproximadamente)
DELETE FROM `contribuyente`;
INSERT INTO `contribuyente` (`idContribuyente`, `nombre`, `apellido1`, `apellido2`, `nifnie`, `direccion`, `numero`, `paisCCC`, `CCC`, `IBAN`, `email`, `bonificacion`, `ayuntamiento`) VALUES
	(1, 'Cecilia', 'Garcia', 'Montiel', '09720969L', 'PEÑA UBIÑA', '0188', 'ES', '25516848021156151054', 'ES0425516848021156151054', 'CGM00@vehiculos2025.com', 0, 'BENAVIDES'),
	(2, 'Genaro', 'Moncada', 'Morala', '09722535K', 'IGLESIA (LA)', '0007', 'PT', '64578946740051516490', 'PT5764578946740051516490', 'GMM00@vehiculos2025.com', 25, 'ASTORGA'),
	(3, 'Clara', 'Sanchez', 'Nuñez', '09722591P', 'IGLESIA (LA)', '0007', 'ES', '34698752714600549403', 'ES4534698752714600549403', 'CSN00@vehiculos2025.com', 0, 'TRUCHAS'),
	(4, 'Ana Belen', 'Lombas', 'Olle', '09722827Z', 'IGLESIA (LA)', '0007', 'ES', '66649444162310000255', 'ES2766649444162310000255', 'ALO00@vehiculos2025.com', 50, 'BENAVIDES'),
	(5, 'Generoso', 'Martin', 'Martin', '09723206W', 'PENILLA', '0006', 'FR', '23185484465641685100', 'FR5623185484465641685100', 'GMM01@vehiculos2025.com', 0, 'ASTORGA'),
	(6, 'Sara', 'Florez', 'Prieto', '09736219C', 'MONTE (EL)', '0034', 'ES', '23164897642213030615', 'ES4723164897642213030615', 'SFP00@vehiculos2025.com', 0, 'ASTORGA'),
	(7, 'Encarnacion', 'Lopez', 'Riverto', '09737592J', 'PINOS (LOS)', '0254', 'ES', '96536214865214585214', 'ES2396536214865214585214', 'ELR00@vehiculos2025.com', 0, 'BENAVIDES'),
	(8, 'Dolores', 'Lopez', 'Robles', '09737631Y', 'PINOS (LOS)', '0254', 'ES', '85461325251978750005', 'ES6885461325251978750005', 'DLR00@vehiculos2025.com', 0, 'BENAVIDES'),
	(9, 'Herminia', 'Almanzar', 'Robles', '09738099Z', 'PINOS (LOS)', '0254', 'FI', '24587946032003165464', 'FI5024587946032003165464', 'HAR00@vehiculos2025.com', 0, 'TRUCHAS'),
	(10, 'Sonia', 'Pisabarro', 'Rodriguez', '09752292Q', 'NAVAS (LAS)', '0000', 'ES', '20960043073071400000', 'ES5020960043073071400000', 'SPR00@vehiculos2025.com', 0, 'BENAVIDES'),
	(11, 'Generoso', 'Pisabarro', 'Rodriguez', '09752293V', 'RESIDENCIAL LAS FUENTES', '0018', 'ES', '20960043042158800000', 'ES8220960043042158800000', 'GPR00@vehiculos2025.com', 0, 'TRUCHAS'),
	(12, 'Sergio', 'Alaiz', 'Salas', '09753101C', 'TELENO', '0196', 'ES', '21654587985156484454', 'ES7521654587985156484454', 'SAS00@vehiculos2025.com', 0, 'BENAVIDES'),
	(13, 'Bonifacio', 'Fresco', 'Sanchez', '09754339Q', 'RIO PORMA', '0136', 'ES', '51651681961210656510', 'ES3251651681961210656510', 'BFS00@vehiculos2025.com', 0, 'BENAVIDES'),
	(14, 'Demetrio', 'Fernandez', 'Garcia', '09757444Q', 'RIO ESLA', '0115', 'ES', '66552211148855332200', 'ES5566552211148855332200', 'DFG00@vehiculos2025.com', 0, 'TRUCHAS'),
	(15, 'German', 'Martinez', 'Garcia', '09757564K', 'IGLESIA (LA)', '0007', 'GB', '20910936583000000000', 'GB9720910936583000000000', 'GMG00@vehiculos2025.com', 0, 'BENAVIDES'),
	(16, 'Marta', 'Lopez', 'Getino', '09762197P', 'GENERAL', '0070', 'DE', '01821135910205540000', 'DE9301821135910205540000', 'MLG00@vehiculos2025.com', 0, 'ASTORGA'),
	(17, 'Israel', 'Amo', 'Gomara', '09762293N', 'VALLE (EL)', '0006', 'DE', '22631245526916432102', 'DE7822631245526916432102', 'IAG00@vehiculos2025.com', 0, 'BENAVIDES'),
	(18, 'Adolfo', 'Puerto', 'Marquez', '09778683A', 'CALLEJA (LA)', '0001', 'ES', '20960043033000100000', 'ES8020960043033000100000', 'APM00@vehiculos2025.com', 0, 'VALVERDE'),
	(19, 'Giovani', 'Moran', 'Martinez', '09778772T', 'CAMINO DE SANTIAGO', '0024', 'GB', '36585214290025478551', 'GB0836585214290025478551', 'GMM02@vehiculos2025.com', 0, 'BENAVIDES'),
	(20, 'Agustin', 'Lopez', 'Martinez', '09779269Z', 'GENERAL', '0001', 'ES', '12548523465214585214', 'ES9012548523465214585214', 'ALM00@vehiculos2025.com', 0, 'ASTORGA'),
	(21, 'Luis', 'Domingo', 'Melcon', '09780389F', 'REAL', '0003', 'ES', '31624561042546920007', 'ES6931624561042546920007', 'LDM00@vehiculos2025.com', 0, 'TRUCHAS'),
	(22, 'Armando', 'Dominguez', 'Garcia', '09780996Q', 'VALLE (EL)', '0002', 'ES', '36154231712500312566', 'ES1436154231712500312566', 'ADG00@vehiculos2025.com', 0, 'BENAVIDES'),
	(23, 'Latifa', 'Ramos', 'Fernandez', '09781067H', 'REAL', '0016', 'ES', '44875664127231645789', 'ES8244875664127231645789', 'LRF00@vehiculos2025.com', 0, 'VALVERDE'),
	(24, 'Latifa Epfouad Erre', 'Cadenas', 'Gonzalez', '09781327W', 'SIN SALIDA', '0001', 'ES', '20960031442124800000', 'ES7920960031442124800000', 'LCG00@vehiculos2025.com', 0, 'BENAVIDES'),
	(25, 'Saaida', 'Blanco', 'Garcia', '09782302B', 'CONFORCOS', '0007', 'ES', '33620012937852100256', 'ES1633620012937852100256', 'SBG00@vehiculos2025.com', 0, 'TRUCHAS'),
	(26, 'Antonio', 'Fernandez', 'Garcia', '09782419J', 'CONFORCOS', '0003', 'ES', '33218885441445121022', 'ES1933218885441445121022', 'AFG00@vehiculos2025.com', 0, 'BENAVIDES'),
	(27, 'Dorina', 'Garcia', 'Getino', '09783952M', 'MONTE (EL)', '0046', 'ES', '62581542713690044508', 'ES8462581542713690044508', 'DGG00@vehiculos2025.com', 0, 'ASTORGA'),
	(28, 'Rocio', 'Otero', 'Gomara', '09808127F', 'SENDA (LA)', '0002', 'ES', '25165151118666365100', 'ES3925165151118666365100', 'ROG00@vehiculos2025.com', 0, 'VALVERDE'),
	(29, 'Soledad', 'Otero', 'Gonzalez', '09786577P', 'SIN SALIDA', '0001', 'ES', '20960043033000100000', 'ES8020960043033000100000', 'SOG00@vehiculos2025.com', 0, 'BENAVIDES'),
	(30, 'Vittorio', 'Vara', 'Gonzalez', '09787319Z', 'VALLE (EL)', '0002', 'PT', '36952365020014425254', 'PT3536952365020014425254', 'VVG00@vehiculos2025.com', 0, 'ASTORGA'),
	(31, 'Vittorio', 'Martines', 'Gracia', '09789574S', 'SENDA (LA)', '0003', 'ES', '65168874641561561500', 'ES9565168874641561561500', 'VMG00@vehiculos2025.com', 0, 'TRUCHAS'),
	(32, 'Mario', 'Bernal', 'Guerra', '09789575Q', 'MADRID', '0017', 'ES', '20960583831234500000', 'ES3220960583831234500000', 'MBG00@vehiculos2025.com', 0, 'VALVERDE'),
	(33, 'Concepcion', 'Blanco', 'Gutierrez', '09790982C', 'CONFORCOS', '0011', 'ES', '21416325811510005514', 'ES7221416325811510005514', 'CBG00@vehiculos2025.com', 0, 'TRUCHAS'),
	(34, 'Maria', 'Sutil', 'Herreras', '09791120C', 'SIN SALIDA', '0001', 'LU', '32628484504115151115', 'LU0932628484504115151115', 'MSH00@vehiculos2025.com', 0, 'ASTORGA'),
	(35, 'Federico', 'Diez', 'Laiz', '09791323Q', 'SIN SALIDA', '0001', 'ES', '20960056133231500000', 'ES2220960056133231500000', 'FDL00@vehiculos2025.com', 0, 'VALVERDE'),
	(36, 'Serafin', 'De la fuente', 'Manzanares', '09798076F', 'CONFORCOS', '0007', 'ES', '63516541828944000984', 'ES8163516541828944000984', 'SDM00@vehiculos2025.com', 0, 'BENAVIDES'),
	(37, 'Eulalia', 'Garcia', 'Marquez', '09798287B', 'CONFORCOS', '0015', 'ES', '23658965274585223202', 'ES6223658965274585223202', 'EGM00@vehiculos2025.com', 0, 'TRUCHAS'),
	(38, 'Gonzalo', 'Perez', 'Martinez', '09799247M', 'VIÑA (LA)', '0007', 'FI', '32658012367712548745', 'FI6132658012367712548745', 'GPM00@vehiculos2025.com', 0, 'ASTORGA'),
	(39, 'Emiliano', 'Alvarez', 'Martinez', '09800420M', 'PEÑA SANTA', '0187', 'ES', '23652365142254222000', 'ES7223652365142254222000', 'EAM00@vehiculos2025.com', 0, 'VALVERDE'),
	(40, 'Melisa', 'Marin', 'Melcon', '09800921T', 'SENDA (LA)', '0002', 'FR', '20012541150023365233', 'FR3820012541150023365233', 'MMM00@vehiculos2025.com', 0, 'TRUCHAS'),
	(41, 'Montserrat', 'Garcia', 'Fernandez', '09801107W', 'PLAZUELA (LA)', '0005', 'ES', '32584216971684051000', 'ES9232584216971684051000', 'MGF00@vehiculos2025.com', 0, 'ASTORGA'),
	(42, 'Jose Antonio', 'Alonso', 'Cabero', '09802657B', 'POZO (EL)', '0006', 'ES', '95485212315484010000', 'ES7395485212315484010000', 'JAC00@vehiculos2025.com', 0, 'VALVERDE'),
	(43, 'Bernardo', 'Dominguez', 'Cabeza', '09803456M', 'POZO (EL)', '0006', 'LT', '21856333126985542360', 'LT9321856333126985542360', 'BDC00@vehiculos2025.com', 0, 'VALVERDE'),
	(44, 'Nelida', 'Garcia', 'Calleja', '09804256T', 'GENERAL', '0043', 'ES', '36245978133245679001', 'ES5736245978133245679001', 'NGC00@vehiculos2025.com', 0, 'TRUCHAS'),
	(45, 'Marisa', 'Labarga', 'Candanedo', '09804568J', 'GENERAL', '0043', 'ES', '31245164156597845124', 'ES7631245164156597845124', 'MLC00@vehiculos2025.com', 0, 'ASTORGA'),
	(46, 'Marta', 'Herrero', 'Garcia', '09806108N', 'RIO TORIO', '0060', 'SM', '23221158252545471411', 'SM4423221158252545471411', 'MHG00@vehiculos2025.com', 0, 'BENAVIDES'),
	(47, 'Miguel', 'Lopez', 'Carro', '09807895M', 'HUERTOS (LOS)', '0001', 'SE', '32574512085411002255', 'SE6832574512085411002255', 'MLC01@vehiculos2025.com', 0, 'TRUCHAS'),
	(48, 'Cruz', 'Fernandez', 'Cascallana', '09807896Y', 'FUENTE (LA)', '0008', 'ES', '20960043013468900000', 'ES4420960043013468900000', 'CFC00@vehiculos2025.com', 0, 'ASTORGA'),
	(49, 'Carmen', 'Gomez', 'Castañeda', '09808038X', 'VIÑA (LA)', '0009', 'ES', '31215643855060225021', 'ES5631215643855060225021', 'CGC00@vehiculos2025.com', 0, 'BENAVIDES'),
	(50, 'Hugo', 'Sanchez', 'Castro', '09808051T', 'DOCTOR RODRIGUEZ GUISASOL', '0022', 'AT', '85550564726165145610', 'AT3285550564726165145610', 'HSC00@vehiculos2025.com', 0, 'VALVERDE'),
	(51, 'Khadouj', 'Sanchez', 'Castro', '09808061X', 'NUESTRA SEÑORA DEL CAMINO', '0099', 'ES', '65165654918886005001', 'ES1665165654918886005001', 'KSC00@vehiculos2025.com', 0, 'TRUCHAS'),
	(52, 'Mario', 'Herrero', 'Coello', '10160508M', 'REAL', '0097', 'AT', '65645150865168448896', 'AT8365645150865168448896', 'MHC00@vehiculos2025.com', 0, 'TRUCHAS'),
	(53, 'Concepcion', 'Lopez', 'De la puente', '10178996R', 'ROSALES (LOS)', '0028', 'IT', '26551681807651415636', 'IT3526551681807651415636', 'CLD00@vehiculos2025.com', 0, 'BENAVIDES'),
	(54, 'Maria', 'Fernandez', 'Del amo', '10193861P', 'MANZANALES (LOS)', '0004', 'HU', '99558741836555551120', 'HU2399558741836555551120', 'MFD00@vehiculos2025.com', 0, 'VALVERDE'),
	(55, 'Federico', 'Gomez', 'Diez', '10198570W', 'REGUERO (EL)', '0002', 'ES', '52198484752100515144', 'ES4352198484752100515144', 'FGD00@vehiculos2025.com', 0, 'ASTORGA'),
	(56, 'Gabriel', 'Moncada', 'Martinez', '11398830F', 'REGUERO (EL)', '0002', 'IE', '51556584221251000254', 'IE6851556584221251000254', 'GMM03@vehiculos2025.com', 0, 'TRUCHAS'),
	(57, 'Ismael', 'Vara', 'Cembranos', '11437269J', 'ERAS (LAS)', '0014', 'DK', '32541112811220000577', 'DK9632541112811220000577', 'IVC00@vehiculos2025.com', 0, 'BENAVIDES'),
	(58, 'Diana', 'Martines', 'Centeno', '11637421L', 'JUAN CARLOS I', '0010', 'LT', '62541122421110105611', 'LT9362541122421110105611', 'DMC00@vehiculos2025.com', 0, 'BENAVIDES'),
	(59, 'Elisa', 'Bernal', 'Cerro', '11966672W', 'JUAN CARLOS I', '0012', 'ES', '55065688761051056105', 'ES6855065688761051056105', 'EBC00@vehiculos2025.com', 0, 'BENAVIDES'),
	(60, 'Nelida', 'Blanco', 'Chamorro', '11662128R', 'ERAS (LAS)', '0003', 'ES', '26221011628048788896', 'ES7426221011628048788896', 'NBC00@vehiculos2025.com', 0, 'BENAVIDES'),
	(61, 'Marisa', 'Sutil', 'Charro', '11673213T', 'JUAN CARLOS I', '0026', 'ES', '12548521518742146695', 'ES9712548521518742146695', 'MSC00@vehiculos2025.com', 0, 'BENAVIDES'),
	(62, 'Marta', 'Diez', 'Chen', '11942643P', 'JUAN CARLOS I', '0026', 'ES', '01826530120201560000', 'ES9001826530120201560000', 'MDC00@vehiculos2025.com', 0, 'BENAVIDES'),
	(63, 'Miguel', 'Fernandez', 'Coello', '11971207Y', 'COTANO', '0008', 'ES', '21651651812511133547', 'ES0421651651812511133547', 'MFC00@vehiculos2025.com', 0, 'BENAVIDES'),
	(64, 'Cruz', 'De la fuente', 'De la puente', '11957847D', 'ACEBOS (LOS)', '0294', 'ES', '51651487910005118185', 'ES6851651487910005118185', 'CDD00@vehiculos2025.com', 0, 'BENAVIDES'),
	(65, 'Carmen', 'Garcia', 'Del amo', '11959249P', 'MADRID', '0012', 'CZ', '36250012804785523365', 'CZ9536250012804785523365', 'CGD00@vehiculos2025.com', 0, 'BENAVIDES'),
	(66, 'Hugo', 'Perez', 'Diez', '11959694Q', 'VALDEFRESNO', '0007', 'AT', '22515651915640081011', 'AT2522515651915640081011', 'HPD00@vehiculos2025.com', 0, 'BENAVIDES');

-- Volcando estructura para tabla ivtm.ordenanza
CREATE TABLE IF NOT EXISTS `ordenanza` (
  `id` int NOT NULL AUTO_INCREMENT,
  `ayuntamiento` varchar(50) COLLATE utf8mb3_spanish_ci NOT NULL,
  `tipoVehiculo` varchar(50) COLLATE utf8mb3_spanish_ci NOT NULL,
  `unidad` varchar(50) COLLATE utf8mb3_spanish_ci NOT NULL,
  `minimo_rango` double NOT NULL,
  `maximo_rango` double NOT NULL,
  `importe` double NOT NULL,
  PRIMARY KEY (`id`)
) ENGINE=InnoDB AUTO_INCREMENT=97 DEFAULT CHARSET=utf8mb3 COLLATE=utf8mb3_spanish_ci;

-- Volcando datos para la tabla ivtm.ordenanza: ~96 rows (aproximadamente)
DELETE FROM `ordenanza`;
INSERT INTO `ordenanza` (`id`, `ayuntamiento`, `tipoVehiculo`, `unidad`, `minimo_rango`, `maximo_rango`, `importe`) VALUES
	(1, 'BENAVIDES', 'TURISMO', 'CABALLOS', 0, 7.99, 20.95),
	(2, 'BENAVIDES', 'TURISMO', 'CABALLOS', 8, 11.99, 58.5),
	(3, 'BENAVIDES', 'TURISMO', 'CABALLOS', 12, 15.99, 128.95),
	(4, 'BENAVIDES', 'TURISMO', 'CABALLOS', 16, 19.99, 167.5),
	(5, 'BENAVIDES', 'TURISMO', 'CABALLOS', 20, 9999, 209.4),
	(6, 'BENAVIDES', 'AUTOBUS', 'PLAZAS', 0, 20, 140.15),
	(7, 'BENAVIDES', 'AUTOBUS', 'PLAZAS', 21, 50, 199.35),
	(8, 'BENAVIDES', 'AUTOBUS', 'PLAZAS', 51, 9999, 240.5),
	(9, 'BENAVIDES', 'CAMION', 'KG', 0, 999, 68),
	(10, 'BENAVIDES', 'CAMION', 'KG', 1000, 2999, 140.15),
	(11, 'BENAVIDES', 'CAMION', 'KG', 3000, 9999, 208.45),
	(12, 'BENAVIDES', 'CAMION', 'KG', 10000, 9999999, 271.85),
	(13, 'BENAVIDES', 'TRACTOR', 'CABALLOS', 0, 15.99, 29.9),
	(14, 'BENAVIDES', 'TRACTOR', 'CABALLOS', 16, 25, 46.9),
	(15, 'BENAVIDES', 'TRACTOR', 'CABALLOS', 25.01, 9999, 140.15),
	(16, 'BENAVIDES', 'REMOLQUE', 'KG', 751, 999, 29.9),
	(17, 'BENAVIDES', 'REMOLQUE', 'KG', 1000, 2999, 46.9),
	(18, 'BENAVIDES', 'REMOLQUE', 'KG', 3000, 9999999, 140.15),
	(19, 'BENAVIDES', 'CICLOMOTOR', 'CC', 0, 49.99, 8.65),
	(20, 'BENAVIDES', 'MOTOCICLETA', 'CC', 0, 125, 8.84),
	(21, 'BENAVIDES', 'MOTOCICLETA', 'CC', 125.01, 250, 15.14),
	(22, 'BENAVIDES', 'MOTOCICLETA', 'CC', 250.01, 500, 30.3),
	(23, 'BENAVIDES', 'MOTOCICLETA', 'CC', 500.01, 1000, 58.5),
	(24, 'BENAVIDES', 'MOTOCICLETA', 'CC', 1000.01, 9999, 121.16),
	(25, 'ASTORGA', 'TURISMO', 'CABALLOS', 0, 7.99, 31.43),
	(26, 'ASTORGA', 'TURISMO', 'CABALLOS', 8, 11.99, 87.75),
	(27, 'ASTORGA', 'TURISMO', 'CABALLOS', 12, 15.99, 193.4),
	(28, 'ASTORGA', 'TURISMO', 'CABALLOS', 16, 19.99, 251.25),
	(29, 'ASTORGA', 'TURISMO', 'CABALLOS', 20, 9999, 314.1),
	(30, 'ASTORGA', 'AUTOBUS', 'PLAZAS', 0, 20, 210.22),
	(31, 'ASTORGA', 'AUTOBUS', 'PLAZAS', 21, 50, 299),
	(32, 'ASTORGA', 'AUTOBUS', 'PLAZAS', 51, 9999, 360.75),
	(33, 'ASTORGA', 'CAMION', 'KG', 0, 999, 102),
	(34, 'ASTORGA', 'CAMION', 'KG', 1000, 2999, 210),
	(35, 'ASTORGA', 'CAMION', 'KG', 3000, 9999, 312),
	(36, 'ASTORGA', 'CAMION', 'KG', 10000, 9999999, 407),
	(37, 'ASTORGA', 'TRACTOR', 'CABALLOS', 0, 15.99, 44.849999999999994),
	(38, 'ASTORGA', 'TRACTOR', 'CABALLOS', 16, 25, 70.35),
	(39, 'ASTORGA', 'TRACTOR', 'CABALLOS', 25.01, 9999, 210),
	(40, 'ASTORGA', 'REMOLQUE', 'KG', 751, 999, 44.849999999999994),
	(41, 'ASTORGA', 'REMOLQUE', 'KG', 1000, 2999, 70.35),
	(42, 'ASTORGA', 'REMOLQUE', 'KG', 3000, 9999999, 210),
	(43, 'ASTORGA', 'CICLOMOTOR', 'CC', 0, 49.99, 13),
	(44, 'ASTORGA', 'MOTOCICLETA', 'CC', 0, 125, 13.26),
	(45, 'ASTORGA', 'MOTOCICLETA', 'CC', 125.01, 250, 22.71),
	(46, 'ASTORGA', 'MOTOCICLETA', 'CC', 250.01, 500, 45.45),
	(47, 'ASTORGA', 'MOTOCICLETA', 'CC', 500.01, 1000, 87.75),
	(48, 'ASTORGA', 'MOTOCICLETA', 'CC', 1000.01, 9999, 181.74),
	(49, 'TRUCHAS', 'TURISMO', 'CABALLOS', 0, 7.99, 10.48),
	(50, 'TRUCHAS', 'TURISMO', 'CABALLOS', 8, 11.99, 29.25),
	(51, 'TRUCHAS', 'TURISMO', 'CABALLOS', 12, 15.99, 64.48),
	(52, 'TRUCHAS', 'TURISMO', 'CABALLOS', 16, 19.99, 83.75),
	(53, 'TRUCHAS', 'TURISMO', 'CABALLOS', 20, 9999, 104.7),
	(54, 'TRUCHAS', 'AUTOBUS', 'PLAZAS', 0, 20, 70.08),
	(55, 'TRUCHAS', 'AUTOBUS', 'PLAZAS', 21, 50, 99.68),
	(56, 'TRUCHAS', 'AUTOBUS', 'PLAZAS', 51, 9999, 120.25),
	(57, 'TRUCHAS', 'CAMION', 'KG', 0, 999, 34),
	(58, 'TRUCHAS', 'CAMION', 'KG', 1000, 2999, 70.08),
	(59, 'TRUCHAS', 'CAMION', 'KG', 3000, 9999, 104.23),
	(60, 'TRUCHAS', 'CAMION', 'KG', 10000, 9999999, 135.93),
	(61, 'TRUCHAS', 'TRACTOR', 'CABALLOS', 0, 15.99, 14.95),
	(62, 'TRUCHAS', 'TRACTOR', 'CABALLOS', 16, 25, 23.45),
	(63, 'TRUCHAS', 'TRACTOR', 'CABALLOS', 25.01, 9999, 70.08),
	(64, 'TRUCHAS', 'REMOLQUE', 'KG', 751, 999, 14.95),
	(65, 'TRUCHAS', 'REMOLQUE', 'KG', 1000, 2999, 23.45),
	(66, 'TRUCHAS', 'REMOLQUE', 'KG', 3000, 9999999, 70.08),
	(67, 'TRUCHAS', 'CICLOMOTOR', 'CC', 0, 49.99, 4.33),
	(68, 'TRUCHAS', 'MOTOCICLETA', 'CC', 0, 125, 4.42),
	(69, 'TRUCHAS', 'MOTOCICLETA', 'CC', 125.01, 250, 7.57),
	(70, 'TRUCHAS', 'MOTOCICLETA', 'CC', 250.01, 500, 15.15),
	(71, 'TRUCHAS', 'MOTOCICLETA', 'CC', 500.01, 1000, 29.25),
	(72, 'TRUCHAS', 'MOTOCICLETA', 'CC', 1000.01, 9999, 60.58),
	(73, 'VALVERDE', 'TURISMO', 'CABALLOS', 0, 7.99, 20),
	(74, 'VALVERDE', 'TURISMO', 'CABALLOS', 8, 11.99, 30),
	(75, 'VALVERDE', 'TURISMO', 'CABALLOS', 12, 15.99, 40),
	(76, 'VALVERDE', 'TURISMO', 'CABALLOS', 16, 19.99, 50),
	(77, 'VALVERDE', 'TURISMO', 'CABALLOS', 20, 9999, 60),
	(78, 'VALVERDE', 'AUTOBUS', 'PLAZAS', 0, 20, 80),
	(79, 'VALVERDE', 'AUTOBUS', 'PLAZAS', 21, 50, 100),
	(80, 'VALVERDE', 'AUTOBUS', 'PLAZAS', 51, 9999, 120),
	(81, 'VALVERDE', 'CAMION', 'KG', 0, 999, 45),
	(82, 'VALVERDE', 'CAMION', 'KG', 1000, 2999, 60),
	(83, 'VALVERDE', 'CAMION', 'KG', 3000, 9999, 95),
	(84, 'VALVERDE', 'CAMION', 'KG', 10000, 9999999, 120),
	(85, 'VALVERDE', 'TRACTOR', 'CABALLOS', 0, 15.99, 20),
	(86, 'VALVERDE', 'TRACTOR', 'CABALLOS', 16, 25, 30),
	(87, 'VALVERDE', 'TRACTOR', 'CABALLOS', 25.01, 9999, 72),
	(88, 'VALVERDE', 'REMOLQUE', 'KG', 751, 999, 37),
	(89, 'VALVERDE', 'REMOLQUE', 'KG', 1000, 2999, 45),
	(90, 'VALVERDE', 'REMOLQUE', 'KG', 3000, 9999999, 91),
	(91, 'VALVERDE', 'CICLOMOTOR', 'CC', 0, 49.99, 12),
	(92, 'VALVERDE', 'MOTOCICLETA', 'CC', 0, 125, 20),
	(93, 'VALVERDE', 'MOTOCICLETA', 'CC', 125.01, 250, 30),
	(94, 'VALVERDE', 'MOTOCICLETA', 'CC', 250.01, 500, 45),
	(95, 'VALVERDE', 'MOTOCICLETA', 'CC', 500.01, 1000, 56),
	(96, 'VALVERDE', 'MOTOCICLETA', 'CC', 1000.01, 9999, 67);

-- Volcando estructura para tabla ivtm.recibos
CREATE TABLE IF NOT EXISTS `recibos` (
  `numRecibo` int NOT NULL AUTO_INCREMENT,
  `fechaPadron` date NOT NULL,
  `fechaRecibo` date NOT NULL,
  `nifContribuyente` varchar(50) COLLATE utf8mb3_spanish_ci NOT NULL,
  `direccionCompleta` varchar(50) COLLATE utf8mb3_spanish_ci NOT NULL,
  `IBAN` varchar(50) COLLATE utf8mb3_spanish_ci DEFAULT NULL,
  `tipoVehiculo` varchar(50) COLLATE utf8mb3_spanish_ci NOT NULL,
  `marcaModelo` varchar(50) COLLATE utf8mb3_spanish_ci NOT NULL,
  `unidad` varchar(50) COLLATE utf8mb3_spanish_ci NOT NULL,
  `valorUnidad` double NOT NULL,
  `totalRecibo` double NOT NULL,
  `exencion` char(1) COLLATE utf8mb3_spanish_ci DEFAULT NULL,
  `bonificacion` double DEFAULT NULL,
  `email` varchar(50) COLLATE utf8mb3_spanish_ci DEFAULT NULL,
  `ayuntamiento` varchar(50) COLLATE utf8mb3_spanish_ci NOT NULL,
  `idContribuyente` int NOT NULL,
  `idVehiculo` int NOT NULL,
  PRIMARY KEY (`numRecibo`),
  KEY `FK_recibos_contribuyente` (`idContribuyente`),
  KEY `FK_recibos_vehiculos` (`idVehiculo`),
  CONSTRAINT `FK_recibos_contribuyente` FOREIGN KEY (`idContribuyente`) REFERENCES `contribuyente` (`idContribuyente`) ON DELETE CASCADE ON UPDATE CASCADE,
  CONSTRAINT `FK_recibos_vehiculos` FOREIGN KEY (`idVehiculo`) REFERENCES `vehiculos` (`idVehiculo`) ON DELETE CASCADE ON UPDATE CASCADE
) ENGINE=InnoDB AUTO_INCREMENT=37 DEFAULT CHARSET=utf8mb3 COLLATE=utf8mb3_spanish_ci;

-- Volcando datos para la tabla ivtm.recibos: ~36 rows (aproximadamente)
DELETE FROM `recibos`;
INSERT INTO `recibos` (`numRecibo`, `fechaPadron`, `fechaRecibo`, `nifContribuyente`, `direccionCompleta`, `IBAN`, `tipoVehiculo`, `marcaModelo`, `unidad`, `valorUnidad`, `totalRecibo`, `exencion`, `bonificacion`, `email`, `ayuntamiento`, `idContribuyente`, `idVehiculo`) VALUES
	(1, '2024-01-01', '2025-05-24', '09720969L', 'PEÑA UBIÑA 0188', 'ES0425516848021156151054', 'MOTOCICLETA', 'FORD ESCORT', 'Centimetros cúbicos', 900, 58.5, 'N', 0, 'CGM00@vehiculos2025.com', 'BENAVIDES', 1, 1),
	(2, '2024-01-01', '2025-05-24', '09722591P', 'IGLESIA (LA) 0007', 'ES4534698752714600549403', 'TRACTOR', 'JOHN DEERE N91', 'Caballos', 20, 5.862500190734863, 'N', 0, 'CSN00@vehiculos2025.com', 'TRUCHAS', 3, 2),
	(3, '2024-01-01', '2025-05-24', '09722827Z', 'IGLESIA (LA) 0007', 'ES2766649444162310000255', 'TRACTOR', 'JOHN DEERE C37', 'Caballos', 14, 14.949999809265137, 'N', 50, 'ALO00@vehiculos2025.com', 'BENAVIDES', 4, 3),
	(4, '2024-01-01', '2025-05-24', '09723206W', 'PENILLA 0006', 'FR5623185484465641685100', 'MOTOCICLETA', 'YAMAHA GR900', 'Centimetros cúbicos', 900, 87.75, 'N', 0, 'GMM01@vehiculos2025.com', 'ASTORGA', 5, 4),
	(5, '2024-01-01', '2025-05-24', '09720969L', 'PEÑA UBIÑA 0188', 'ES0425516848021156151054', 'MOTOCICLETA', 'YAMAHA MTN850-A', 'Centimetros cúbicos', 125, 8.84000015258789, 'N', 0, 'CGM00@vehiculos2025.com', 'BENAVIDES', 1, 5),
	(6, '2024-01-01', '2025-05-24', '09722535K', 'IGLESIA (LA) 0007', 'PT5764578946740051516490', 'MOTOCICLETA', 'HONDA SCOOTER300', 'Centimetros cúbicos', 300, 34.087501525878906, 'N', 25, 'GMM00@vehiculos2025.com', 'ASTORGA', 2, 6),
	(7, '2024-01-01', '2025-05-24', '09808127F', 'SENDA (LA) 0002', 'ES3925165151118666365100', 'AUTOBUS', 'OPEL B3', 'Plazas', 15, 40, 'N', 0, 'ROG00@vehiculos2025.com', 'VALVERDE', 28, 7),
	(8, '2024-01-01', '2025-05-24', '09787319Z', 'VALLE (EL) 0002', 'PT3536952365020014425254', 'AUTOBUS', 'BYD J4', 'Plazas', 65, 360.75, 'N', 0, 'VVG00@vehiculos2025.com', 'ASTORGA', 30, 8),
	(9, '2024-01-01', '2025-05-24', '09790982C', 'CONFORCOS 0011', 'ES7221416325811510005514', 'CAMION', 'TOYOTA D1', 'Kg', 2500, 52.560001373291016, 'N', 0, 'CBG00@vehiculos2025.com', 'TRUCHAS', 33, 9),
	(10, '2024-01-01', '2025-05-24', '09791120C', 'SIN SALIDA 0001', 'LU0932628484504115151115', 'CAMION', 'OPEL X1', 'Kg', 6500, 234, 'N', 0, 'MSH00@vehiculos2025.com', 'ASTORGA', 34, 10),
	(11, '2024-01-01', '2025-05-24', '09802657B', 'POZO (EL) 0006', 'ES7395485212315484010000', 'REMOLQUE', 'RENAULT V455', 'Kg', 3250, 91, 'N', 0, 'JAC00@vehiculos2025.com', 'VALVERDE', 42, 11),
	(12, '2024-01-01', '2025-05-24', '09804568J', 'GENERAL 0043', 'ES7631245164156597845124', 'MOTOCICLETA', 'PEUGEOT 307 5P', 'Centimetros cúbicos', 125, 13.260000228881836, 'N', 0, 'MLC00@vehiculos2025.com', 'ASTORGA', 45, 12),
	(13, '2024-01-01', '2025-05-24', '09806108N', 'RIO TORIO 0060', 'SM4423221158252545471411', 'MOTOCICLETA', 'CITROEN XANTIA', 'Centimetros cúbicos', 300, 30.30000114440918, 'N', 0, 'MHG00@vehiculos2025.com', 'BENAVIDES', 46, 13),
	(14, '2024-01-01', '2025-05-24', '09807895M', 'HUERTOS (LOS) 0001', 'SE6832574512085411002255', 'MOTOCICLETA', 'VOLKSWAGEN TIGUAN', 'Centimetros cúbicos', 600, 29.25, 'N', 0, 'MLC01@vehiculos2025.com', 'TRUCHAS', 47, 14),
	(15, '2024-01-01', '2025-05-24', '09807896Y', 'FUENTE (LA) 0008', 'ES4420960043013468900000', 'MOTOCICLETA', 'YAMAHA Q3', 'Centimetros cúbicos', 1500, 181.74000549316406, 'N', 0, 'CFC00@vehiculos2025.com', 'ASTORGA', 48, 15),
	(16, '2025-01-01', '2025-05-24', '09720969L', 'PEÑA UBIÑA 0188', 'ES0425516848021156151054', 'MOTOCICLETA', 'FORD ESCORT', 'Centimetros cúbicos', 900, 58.5, 'N', 0, 'CGM00@vehiculos2025.com', 'BENAVIDES', 1, 1),
	(17, '2025-01-01', '2025-05-24', '09722591P', 'IGLESIA (LA) 0007', 'ES4534698752714600549403', 'TRACTOR', 'JOHN DEERE N91', 'Caballos', 20, 23.450000762939453, 'N', 0, 'CSN00@vehiculos2025.com', 'TRUCHAS', 3, 2),
	(18, '2025-01-01', '2025-05-24', '09722827Z', 'IGLESIA (LA) 0007', 'ES2766649444162310000255', 'TRACTOR', 'JOHN DEERE C37', 'Caballos', 14, 14.949999809265137, 'N', 50, 'ALO00@vehiculos2025.com', 'BENAVIDES', 4, 3),
	(19, '2025-01-01', '2025-05-24', '09723206W', 'PENILLA 0006', 'FR5623185484465641685100', 'MOTOCICLETA', 'YAMAHA GR900', 'Centimetros cúbicos', 900, 87.75, 'N', 0, 'GMM01@vehiculos2025.com', 'ASTORGA', 5, 4),
	(20, '2025-01-01', '2025-05-24', '09723206W', 'PENILLA 0006', 'FR5623185484465641685100', 'TURISMO', 'RENAULT MEGANE', 'Caballos', 11.64, 0, 'S', 0, 'GMM01@vehiculos2025.com', 'ASTORGA', 5, 16),
	(21, '2025-01-01', '2025-05-24', '09720969L', 'PEÑA UBIÑA 0188', 'ES0425516848021156151054', 'MOTOCICLETA', 'YAMAHA MTN850-A', 'Centimetros cúbicos', 125, 8.84000015258789, 'N', 0, 'CGM00@vehiculos2025.com', 'BENAVIDES', 1, 5),
	(22, '2025-01-01', '2025-05-24', '09722535K', 'IGLESIA (LA) 0007', 'PT5764578946740051516490', 'MOTOCICLETA', 'HONDA SCOOTER300', 'Centimetros cúbicos', 300, 34.087501525878906, 'N', 25, 'GMM00@vehiculos2025.com', 'ASTORGA', 2, 6),
	(23, '2025-01-01', '2025-05-24', '09781327W', 'SIN SALIDA 0001', 'ES7920960031442124800000', 'TURISMO', 'RENAULT MEGANE', 'Caballos', 21.05, 104.70000457763672, 'N', 0, 'LCG00@vehiculos2025.com', 'BENAVIDES', 24, 17),
	(24, '2025-01-01', '2025-05-24', '09782302B', 'CONFORCOS 0007', 'ES1633620012937852100256', 'TURISMO', 'PEUGEOT 507', 'Caballos', 26.03, 78.5250015258789, 'N', 0, 'SBG00@vehiculos2025.com', 'TRUCHAS', 25, 18),
	(25, '2025-01-01', '2025-05-24', '09808127F', 'SENDA (LA) 0002', 'ES3925165151118666365100', 'AUTOBUS', 'OPEL B3', 'Plazas', 15, 80, 'N', 0, 'ROG00@vehiculos2025.com', 'VALVERDE', 28, 7),
	(26, '2025-01-01', '2025-05-24', '09786577P', 'SIN SALIDA 0001', 'ES8020960043033000100000', 'AUTOBUS', 'MERCEDES H2', 'Plazas', 35, 99.67500305175781, 'N', 0, 'SOG00@vehiculos2025.com', 'BENAVIDES', 29, 19),
	(27, '2025-01-01', '2025-05-24', '09787319Z', 'VALLE (EL) 0002', 'PT3536952365020014425254', 'AUTOBUS', 'BYD J4', 'Plazas', 65, 360.75, 'N', 0, 'VVG00@vehiculos2025.com', 'ASTORGA', 30, 8),
	(28, '2025-01-01', '2025-05-24', '09789575Q', 'MADRID 0017', 'ES3220960583831234500000', 'CAMION', 'OPEL M1', 'Kg', 950, 33.75, 'N', 0, 'MBG00@vehiculos2025.com', 'VALVERDE', 32, 20),
	(29, '2025-01-01', '2025-05-24', '09790982C', 'CONFORCOS 0011', 'ES7221416325811510005514', 'CAMION', 'TOYOTA D1', 'Kg', 2500, 70.08000183105469, 'N', 0, 'CBG00@vehiculos2025.com', 'TRUCHAS', 33, 9),
	(30, '2025-01-01', '2025-05-24', '09791120C', 'SIN SALIDA 0001', 'LU0932628484504115151115', 'CAMION', 'OPEL X1', 'Kg', 6500, 312, 'N', 0, 'MSH00@vehiculos2025.com', 'ASTORGA', 34, 10),
	(31, '2025-01-01', '2025-05-24', '09791323Q', 'SIN SALIDA 0001', 'ES2220960056133231500000', 'CAMION', 'OPEL R1', 'Kg', 12500, 90, 'N', 0, 'FDL00@vehiculos2025.com', 'VALVERDE', 35, 21),
	(32, '2025-01-01', '2025-05-24', '09802657B', 'POZO (EL) 0006', 'ES7395485212315484010000', 'REMOLQUE', 'RENAULT V455', 'Kg', 3250, 91, 'N', 0, 'JAC00@vehiculos2025.com', 'VALVERDE', 42, 11),
	(33, '2025-01-01', '2025-05-24', '09804568J', 'GENERAL 0043', 'ES7631245164156597845124', 'MOTOCICLETA', 'PEUGEOT 307 5P', 'Centimetros cúbicos', 125, 13.260000228881836, 'N', 0, 'MLC00@vehiculos2025.com', 'ASTORGA', 45, 12),
	(34, '2025-01-01', '2025-05-24', '09806108N', 'RIO TORIO 0060', 'SM4423221158252545471411', 'MOTOCICLETA', 'CITROEN XANTIA', 'Centimetros cúbicos', 300, 30.30000114440918, 'N', 0, 'MHG00@vehiculos2025.com', 'BENAVIDES', 46, 13),
	(35, '2025-01-01', '2025-05-24', '09807895M', 'HUERTOS (LOS) 0001', 'SE6832574512085411002255', 'MOTOCICLETA', 'VOLKSWAGEN TIGUAN', 'Centimetros cúbicos', 600, 29.25, 'N', 0, 'MLC01@vehiculos2025.com', 'TRUCHAS', 47, 14),
	(36, '2025-01-01', '2025-05-24', '09807896Y', 'FUENTE (LA) 0008', 'ES4420960043013468900000', 'MOTOCICLETA', 'YAMAHA Q3', 'Centimetros cúbicos', 1500, 181.74000549316406, 'N', 0, 'CFC00@vehiculos2025.com', 'ASTORGA', 48, 15);

-- Volcando estructura para tabla ivtm.vehiculos
CREATE TABLE IF NOT EXISTS `vehiculos` (
  `idVehiculo` int NOT NULL AUTO_INCREMENT,
  `tipo` varchar(50) COLLATE utf8mb3_spanish_ci NOT NULL,
  `marca` varchar(50) COLLATE utf8mb3_spanish_ci NOT NULL,
  `modelo` varchar(50) COLLATE utf8mb3_spanish_ci NOT NULL,
  `matricula` varchar(50) COLLATE utf8mb3_spanish_ci NOT NULL,
  `numeroBastidor` varchar(50) COLLATE utf8mb3_spanish_ci NOT NULL,
  `caballosFiscales` double DEFAULT NULL,
  `plazas` double DEFAULT NULL,
  `centimetroscubicos` double DEFAULT NULL,
  `kgcarga` double DEFAULT NULL,
  `exencion` char(1) COLLATE utf8mb3_spanish_ci DEFAULT NULL,
  `fechaMatriculacion` date NOT NULL,
  `fechaAlta` date NOT NULL,
  `fechaBaja` date DEFAULT NULL,
  `fechaBajaTemporal` date DEFAULT NULL,
  `idContribuyente` int NOT NULL,
  `idOrdenanza` int NOT NULL,
  PRIMARY KEY (`idVehiculo`),
  KEY `FK_vehiculos_contribuyente` (`idContribuyente`),
  KEY `FK_vehiculos_ordenanza` (`idOrdenanza`),
  CONSTRAINT `FK_vehiculos_contribuyente` FOREIGN KEY (`idContribuyente`) REFERENCES `contribuyente` (`idContribuyente`) ON DELETE CASCADE ON UPDATE CASCADE,
  CONSTRAINT `FK_vehiculos_ordenanza` FOREIGN KEY (`idOrdenanza`) REFERENCES `ordenanza` (`id`) ON DELETE CASCADE ON UPDATE CASCADE
) ENGINE=InnoDB AUTO_INCREMENT=22 DEFAULT CHARSET=utf8mb3 COLLATE=utf8mb3_spanish_ci;

-- Volcando datos para la tabla ivtm.vehiculos: ~21 rows (aproximadamente)
DELETE FROM `vehiculos`;
INSERT INTO `vehiculos` (`idVehiculo`, `tipo`, `marca`, `modelo`, `matricula`, `numeroBastidor`, `caballosFiscales`, `plazas`, `centimetroscubicos`, `kgcarga`, `exencion`, `fechaMatriculacion`, `fechaAlta`, `fechaBaja`, `fechaBajaTemporal`, `idContribuyente`, `idOrdenanza`) VALUES
	(1, 'MOTOCICLETA', 'FORD', 'ESCORT', 'H1258B', 'VF7MFWJYB65831272', NULL, NULL, 900, NULL, 'N', '2024-01-01', '2024-01-01', NULL, NULL, 1, 23),
	(2, 'TRACTOR', 'JOHN DEERE', 'N91', 'LE345', 'XTA21214031711893', 20, NULL, NULL, NULL, 'N', '2020-01-18', '2024-12-31', '2025-10-15', NULL, 3, 62),
	(3, 'TRACTOR', 'JOHN DEERE', 'C37', 'E2569ABD', 'W0L0TGF48X5100122', 14, NULL, NULL, NULL, 'N', '2020-01-01', '2023-09-30', NULL, NULL, 4, 13),
	(4, 'MOTOCICLETA', 'YAMAHA', 'GR900', '6378ABC', 'WF0FXXWPDF3Y47888', NULL, NULL, 900, NULL, 'N', '2020-01-29', '2023-01-29', NULL, NULL, 5, 47),
	(5, 'MOTOCICLETA', 'YAMAHA', 'MTN850-A', '1261ABC', 'W0L0AHL4858136249', NULL, NULL, 125, NULL, 'N', '2020-01-26', '2023-12-15', NULL, NULL, 1, 20),
	(6, 'MOTOCICLETA', 'HONDA', 'SCOOTER300', '1262ABC', 'TMAD331UAEJ001412', NULL, NULL, 300, NULL, 'N', '2020-01-27', '2023-06-01', NULL, NULL, 2, 46),
	(7, 'AUTOBUS', 'OPEL', 'B3', 'M7', 'VSSZZZ6KZ2R038977', NULL, 15, NULL, NULL, 'N', '2020-01-08', '2024-09-01', NULL, NULL, 28, 78),
	(8, 'AUTOBUS', 'BYD', 'J4', 'LE1500', 'WVWZZZ1KZ7B024041', NULL, 65, NULL, NULL, 'N', '2020-01-10', '2023-01-10', NULL, NULL, 30, 32),
	(9, 'CAMION', 'TOYOTA', 'D1', 'BU4567AD', 'VSSZZZ6LZ8R121527', NULL, NULL, NULL, 2500, 'N', '2020-01-13', '2024-06-13', NULL, NULL, 33, 58),
	(10, 'CAMION', 'OPEL', 'X1', 'LE2323RE', 'VF7VDWT0005WT0209', NULL, NULL, NULL, 6500, 'N', '2020-01-14', '2024-04-14', NULL, NULL, 34, 35),
	(11, 'REMOLQUE', 'RENAULT', 'V455', 'H2564LPI', 'YS3FF46WX51056758', NULL, NULL, NULL, 3250, 'N', '1998-01-23', '2023-01-23', NULL, NULL, 42, 90),
	(12, 'MOTOCICLETA', 'PEUGEOT', '307 5P', '1234PLZ', 'VF33CRHYB83885473', NULL, NULL, 125, NULL, 'N', '2020-01-26', '2023-01-26', NULL, NULL, 45, 44),
	(13, 'MOTOCICLETA', 'CITROEN', 'XANTIA', '7635BNL', 'VF1FW18M552505376', NULL, NULL, 300, NULL, 'N', '2020-01-27', '2023-01-27', NULL, NULL, 46, 22),
	(14, 'MOTOCICLETA', 'VOLKSWAGEN', 'TIGUAN', '2541LDE', 'VTRCG3030F0947139', NULL, NULL, 600, NULL, 'N', '2020-01-28', '2023-01-28', NULL, NULL, 47, 71),
	(15, 'MOTOCICLETA', 'YAMAHA', 'Q3', '1485LPM', 'VF7N0RHYB73531591', NULL, NULL, 1500, NULL, 'N', '2020-01-30', '2023-01-30', NULL, NULL, 48, 48),
	(16, 'TURISMO', 'RENAULT', 'MEGANE', 'LE0010L', 'KMJWVH7HP2U456263', 11.64, NULL, NULL, NULL, 'S', '2020-01-01', '2025-04-03', '2025-10-10', NULL, 5, 26),
	(17, 'TURISMO', 'RENAULT', 'MEGANE', 'LE34', 'VF1SB8M0537878580', 21.05, NULL, NULL, NULL, 'N', '2020-01-04', '2025-09-04', NULL, NULL, 24, 5),
	(18, 'TURISMO', 'PEUGEOT', '507', 'M1', 'WVWZZZ1JZ3W451498', 26.03, NULL, NULL, NULL, 'N', '2020-01-05', '2025-04-05', NULL, NULL, 25, 53),
	(19, 'AUTOBUS', 'MERCEDES', 'H2', 'O3876PP', 'UU15SDAG548391805', NULL, 35, NULL, NULL, 'N', '2020-01-09', '2025-07-09', NULL, NULL, 29, 7),
	(20, 'CAMION', 'OPEL', 'M1', 'M3487', 'WF0UXXGAJU5M80705', NULL, NULL, NULL, 950, 'N', '2020-01-12', '2025-05-03', '2025-12-01', NULL, 32, 81),
	(21, 'CAMION', 'OPEL', 'R1', '1284ABC', 'WVWZZZ1JZ3B190985', NULL, NULL, NULL, 12500, 'N', '2020-01-15', '2025-06-15', NULL, NULL, 35, 84);

/*!40103 SET TIME_ZONE=IFNULL(@OLD_TIME_ZONE, 'system') */;
/*!40101 SET SQL_MODE=IFNULL(@OLD_SQL_MODE, '') */;
/*!40014 SET FOREIGN_KEY_CHECKS=IFNULL(@OLD_FOREIGN_KEY_CHECKS, 1) */;
/*!40101 SET CHARACTER_SET_CLIENT=@OLD_CHARACTER_SET_CLIENT */;
/*!40111 SET SQL_NOTES=IFNULL(@OLD_SQL_NOTES, 1) */;
