<?xml version="1.0" encoding="UTF-8"?>
<Vehiculos>
  <Vehiculo id="3">
    <Marca>JOHN DEERE</Marca>
    <Modelo>F90</Modelo>
    <Error>Matricula Erronea.</Error>
  </Vehiculo>
  <Vehiculo id="9">
    <Marca>RENAULT</Marca>
    <Modelo>ESPACE 2.0</Modelo>
    <Error>Vehiculo con propietario erróneo.</Error>
  </Vehiculo>
  <Vehiculo id="10">
    <Marca>RENAULT</Marca>
    <Modelo>CAPTUR</Modelo>
    <Error>Vehiculo con propietario erróneo.</Error>
  </Vehiculo>
  <Vehiculo id="11">
    <Marca>OPEL</Marca>
    <Modelo>ASTRA</Modelo>
    <Error>Vehiculo con propietario erróneo.</Error>
  </Vehiculo>
  <Vehiculo id="12">
    <Marca>KIA</Marca>
    <Modelo>SORENTO</Modelo>
    <Error>Vehiculo con propietario erróneo.</Error>
  </Vehiculo>
  <Vehiculo id="14">
    <Marca>VOLVO</Marca>
    <Modelo>F320</Modelo>
    <Error>Fechas incoherentes.</Error>
  </Vehiculo>
  <Vehiculo id="15">
    <Marca>MERCEDES</Marca>
    <Modelo>X425</Modelo>
    <Error>Matricula Erronea.</Error>
  </Vehiculo>
  <Vehiculo id="18">
    <Marca>SCANIA</Marca>
    <Modelo>G567</Modelo>
    <Error>Matricula Erronea.</Error>
  </Vehiculo>
  <Vehiculo id="19">
    <Marca>VOLVO</Marca>
    <Modelo>X487</Modelo>
    <Error>Matricula Erronea.</Error>
  </Vehiculo>
  <Vehiculo id="20">
    <Marca>MERCEDES</Marca>
    <Modelo>N364</Modelo>
    <Error>Matricula Erronea.</Error>
  </Vehiculo>
  <Vehiculo id="21">
    <Marca>SCANIA</Marca>
    <Modelo>L758</Modelo>
    <Error>Matricula Erronea.</Error>
  </Vehiculo>
  <Vehiculo id="25">
    <Marca>JOHN DEERE</Marca>
    <Modelo>F70</Modelo>
    <Error>Vehiculo con propietario erróneo.</Error>
  </Vehiculo>
  <Vehiculo id="26">
    <Marca>JOHN DEERE</Marca>
    <Modelo>F120</Modelo>
    <Error>Vehiculo con propietario erróneo.</Error>
  </Vehiculo>
  <Vehiculo id="28">
    <Marca>VESPINO</Marca>
    <Modelo>F9</Modelo>
    <Error>Vehiculo con propietario erróneo.</Error>
  </Vehiculo>
  <Vehiculo id="33">
    <Marca>YAMAHA</Marca>
    <Modelo>X1500</Modelo>
    <Error>Vehiculo con propietario erróneo.</Error>
  </Vehiculo>
  <Vehiculo id="39">
    <Marca>RENAULT</Marca>
    <Modelo>CLIO</Modelo>
    <Error>Matricula Erronea.</Error>
  </Vehiculo>
  <Vehiculo id="41">
    <Marca>PEUGEOT</Marca>
    <Modelo>407</Modelo>
    <Error>Matricula Erronea.</Error>
  </Vehiculo>
  <Vehiculo id="58">
    <Marca>RAZOL</Marca>
    <Modelo>CVH</Modelo>
    <Error>Matricula Erronea. Vehiculo con propietario erróneo.</Error>
  </Vehiculo>
  <Vehiculo id="59">
    <Marca>CASE</Marca>
    <Modelo>CVH</Modelo>
    <Error>Matricula Erronea. Vehiculo con propietario erróneo.</Error>
  </Vehiculo>
  <Vehiculo id="60">
    <Marca>CASE</Marca>
    <Modelo>CVX</Modelo>
    <Error>Matricula Erronea. Vehiculo con propietario erróneo.</Error>
  </Vehiculo>
  <Vehiculo id="62">
    <Marca>MERCEDES</Marca>
    <Modelo>G23</Modelo>
    <Error>Vehiculo con propietario erróneo.</Error>
  </Vehiculo>
  <Vehiculo id="63">
    <Marca>NISSAN</Marca>
    <Modelo>H75</Modelo>
    <Error>Matricula Erronea. Vehiculo con propietario erróneo.</Error>
  </Vehiculo>
  <Vehiculo id="66">
    <Marca>VESPINO</Marca>
    <Modelo>GL</Modelo>
    <Error>Matricula Erronea.</Error>
  </Vehiculo>
</Vehiculos>
