<?xml version="1.0" encoding="UTF-8"?>
<Cuentas>
  <Cuenta id="25">
    <Nombre>Israel</Nombre>
    <Apellidos>Amo Gonzalez</Apellidos>
    <NIFNIE>09763856B</NIFNIE>
    <CCCErroneo>2096004304307570000</CCCErroneo>
    <TipoError>IMPOSIBLE GENERAR IBAN</TipoError>
  </Cuenta>
  <Cuenta id="26">
    <Nombre>Gabriel</Nombre>
    <Apellidos>Prieto Gonzalez</Apellidos>
    <NIFNIE>09768995K</NIFNIE>
    <CCCErroneo>2563547832100254122</CCCErroneo>
    <TipoError>IMPOSIBLE GENERAR IBAN</TipoError>
  </Cuenta>
  <Cuenta id="27">
    <Nombre>Ruben Dario</Nombre>
    <Apellidos>Garcia Gracia</Apellidos>
    <NIFNIE>09770039F</NIFNIE>
    <CCCErroneo>3215469719542312100</CCCErroneo>
    <TipoError>IMPOSIBLE GENERAR IBAN</TipoError>
  </Cuenta>
  <Cuenta id="28">
    <Nombre>Alencar</Nombre>
    <Apellidos>Pasado Guerra</Apellidos>
    <NIFNIE>09774163Z</NIFNIE>
    <CCCErroneo>3652145273650065848</CCCErroneo>
    <TipoError>IMPOSIBLE GENERAR IBAN</TipoError>
  </Cuenta>
  <Cuenta id="29">
    <Nombre>Alencar</Nombre>
    <Apellidos>Fresco Gutierrez</Apellidos>
    <NIFNIE>09774199G</NIFNIE>
    <CCCErroneo>2000852152877511336</CCCErroneo>
    <TipoError>IMPOSIBLE GENERAR IBAN</TipoError>
  </Cuenta>
</Cuentas>
